time,open
1654646400,1.24088E+12
1654732800,1.2174E+12
1654819200,1.21546E+12
1654905600,1.16552E+12
1654992000,1.11921E+12
1655078400,1.05296E+12
1655164800,9.24283E+11
1655251200,9.19887E+11
1655337600,9.4832E+11
1655424000,8.61769E+11
